title,author,genre,isbn,date_pulled,uid,rank
Yesteryear,Caro Claire Burke,Fiction,9781039057xxx,2026-05-14,9781039057xxx_yesteryear_caro_claire_burke,1
Project Hail Mary,Andy Weir,Fiction,9780593135xxx,2026-05-14,9780593135xxx_project_hail_mary_andy_weir,2
Our Perfect Storm (Signed Edition),Carley Fortunemaple leaf from the flag of Canada,Fiction,9781037803xxx,2026-05-14,9781037803xxx_our_perfect_storm__signed_edition__carley_fortunemaple_leaf_from_the_flag_of_canada,3
The Correspondent,Virginia Evans,Fiction,9780593798xxx,2026-05-14,9780593798xxx_the_correspondent_virginia_evans,4
Theo of Golden,Allen Levi,Fiction,9781668236xxx,2026-05-14,9781668236xxx_theo_of_golden_allen_levi,5
The Things We Never Say,Elizabeth Strout,Fiction,NA,2026-05-14,na_the_things_we_never_say_elizabeth_strout,6
A False and Fatal Claim,Iona Whishawmaple leaf from the flag of Canada,Fiction,9781771514xxx,2026-05-14,9781771514xxx_a_false_and_fatal_claim_iona_whishawmaple_leaf_from_the_flag_of_canada,7
Dungeon Crawler Carl,Matt Dinniman,Fiction,9780593820xxx,2026-05-14,9780593820xxx_dungeon_crawler_carl_matt_dinniman,8
The Last Mandarin (Indie Exclusive Edition),"Louise Penny,",Fiction,9781250463xxx,2026-05-14,9781250463xxx_the_last_mandarin__indie_exclusive_edition__louise_penny_,9
A Parade of Horribles,Matt Dinniman,Fiction,NA,2026-05-14,na_a_parade_of_horribles_matt_dinniman,10
Remarkably Bright Creatures,Shelby Van Pelt,Fiction,9780063204xxx,2026-05-14,9780063204xxx_remarkably_bright_creatures_shelby_van_pelt,11
Dawn on the Coast,"Arley Nopramaple leaf from the flag of Canada,",Juvenile Fiction,9781546135xxx,2026-05-14,9781546135xxx_dawn_on_the_coast_arley_nopramaple_leaf_from_the_flag_of_canada_,12
The New Girl,Cassandra Calinmaple leaf from the flag of Canada,Juvenile Fiction,9781338762xxx,2026-05-14,9781338762xxx_the_new_girl_cassandra_calinmaple_leaf_from_the_flag_of_canada,13
Our Perfect Storm,Carley Fortunemaple leaf from the flag of Canada,Fiction,9781037800xxx,2026-05-14,9781037800xxx_our_perfect_storm_carley_fortunemaple_leaf_from_the_flag_of_canada,14
London Falling,Patrick Radden Keefe,True Crime,9780385675xxx,2026-05-14,9780385675xxx_london_falling_patrick_radden_keefe,15
When the Forest Breathes,Suzanne Simardmaple leaf from the flag of Canada,Political Science,9780735241xxx,2026-05-14,9780735241xxx_when_the_forest_breathes_suzanne_simardmaple_leaf_from_the_flag_of_canada,16
Famesick,Lena Dunham,Biography & Autobiography,9780385695xxx,2026-05-14,9780385695xxx_famesick_lena_dunham,17
Platform Decay,Martha Wells,Fiction,9781250827xxx,2026-05-14,9781250827xxx_platform_decay_martha_wells,18
Strangers,Belle Burden,Biography & Autobiography,9780593733xxx,2026-05-14,9780593733xxx_strangers_belle_burden,19
The Book of Birds,"Robert Macfarlane,",Nature,9781487007xxx,2026-05-14,9781487007xxx_the_book_of_birds_robert_macfarlane_,20
Wildwood,Elinor Florencemaple leaf from the flag of Canada,Fiction,9781668227xxx,2026-05-14,9781668227xxx_wildwood_elinor_florencemaple_leaf_from_the_flag_of_canada,21
The Cure for Drowning,Loghan Paylormaple leaf from the flag of Canada,Fiction,9781039006xxx,2026-05-14,9781039006xxx_the_cure_for_drowning_loghan_paylormaple_leaf_from_the_flag_of_canada,22
Liberty Street,Heather Marshallmaple leaf from the flag of Canada,Fiction,9780385700xxx,2026-05-14,9780385700xxx_liberty_street_heather_marshallmaple_leaf_from_the_flag_of_canada,23
A Deadly Episode,Anthony Horowitz,Fiction,9781443469xxx,2026-05-14,9781443469xxx_a_deadly_episode_anthony_horowitz,24
The Calamity Club,Kathryn Stockett,Fiction,9780385703xxx,2026-05-14,9780385703xxx_the_calamity_club_kathryn_stockett,25
I Who Have Never Known Men,"Jacqueline Harpman,",Fiction,9781945492xxx,2026-05-14,9781945492xxx_i_who_have_never_known_men_jacqueline_harpman_,26
The Chambermaid's Key,Genevieve Grahammaple leaf from the flag of Canada,Fiction,9781668203xxx,2026-05-14,9781668203xxx_the_chambermaid_s_key_genevieve_grahammaple_leaf_from_the_flag_of_canada,27
The Infinite Sadness of Small Appliances,Glenn Dixonmaple leaf from the flag of Canada,Fiction,9781443475xxx,2026-05-14,9781443475xxx_the_infinite_sadness_of_small_appliances_glenn_dixonmaple_leaf_from_the_flag_of_canada,28
John of John,Douglas Stuart,Fiction,9781039059xxx,2026-05-14,9781039059xxx_john_of_john_douglas_stuart,29
Lightfall,Tim Probert,Juvenile Fiction,9780063080xxx,2026-05-14,9780063080xxx_lightfall_tim_probert,30
Karen's Surprise,"Shauna J Grant,",Juvenile Fiction,9781339005xxx,2026-05-14,9781339005xxx_karen_s_surprise_shauna_j_grant_,31
The God of the Woods,Liz Moore,Fiction,9780593418xxx,2026-05-14,9780593418xxx_the_god_of_the_woods_liz_moore,32
James (Pulitzer Prize Winner),Percival Everett,Fiction,9780593686xxx,2026-05-14,9780593686xxx_james__pulitzer_prize_winner__percival_everett,33
Son of Nobody,Yann Martelmaple leaf from the flag of Canada,Fiction,9781039001xxx,2026-05-14,9781039001xxx_son_of_nobody_yann_martelmaple_leaf_from_the_flag_of_canada,34
A World Appears,Michael Pollan,Science,9781984881xxx,2026-05-14,9781984881xxx_a_world_appears_michael_pollan,35
Hamnet,Maggie O'Farrell,Fiction,9780735280xxx,2026-05-14,9780735280xxx_hamnet_maggie_o_farrell,36
Heated Rivalry,Rachel Reidmaple leaf from the flag of Canada,Fiction,9781335534xxx,2026-05-14,9781335534xxx_heated_rivalry_rachel_reidmaple_leaf_from_the_flag_of_canada,37
Butter,"Asako Yuzuki,",Fiction,9780063236xxx,2026-05-14,9780063236xxx_butter_asako_yuzuki_,38
Fahrenheit 451,Ray Bradbury,Fiction,9781451673xxx,2026-05-14,9781451673xxx_fahrenheit_451_ray_bradbury,39
Defending the Swamp Dragon,"Tracey West,",Juvenile Fiction,NA,2026-05-14,na_defending_the_swamp_dragon_tracey_west_,40
Is a River Alive?,Robert Macfarlane,Nature,9781039007xxx,2026-05-14,9781039007xxx_is_a_river_alive__robert_macfarlane,41
Carl's Doomsday Scenario,Matt Dinniman,Fiction,9780593820xxx,2026-05-14,9780593820xxx_carl_s_doomsday_scenario_matt_dinniman,42
Raising Hare,Chloe Dalton,Biography & Autobiography,9781837260xxx,2026-05-14,9781837260xxx_raising_hare_chloe_dalton,43
The Astral Library (Deluxe Limited Edition),Kate Quinn,Fiction,9780063244xxx,2026-05-14,9780063244xxx_the_astral_library__deluxe_limited_edition__kate_quinn,44
The Little Frog's Guide to Self-Care,Maybell Eequay,Self-Help,9781837991xxx,2026-05-14,9781837991xxx_the_little_frog_s_guide_to_self_care_maybell_eequay,45
The Ending Writes Itself,Evelyn Clarke,Fiction,9780063481xxx,2026-05-14,9780063481xxx_the_ending_writes_itself_evelyn_clarke,46
We Burned So Bright,TJ Klune,Fiction,9781250881xxx,2026-05-14,9781250881xxx_we_burned_so_bright_tj_klune,47
Red Rising,Pierce Brown,Fiction,9780345539xxx,2026-05-14,9780345539xxx_red_rising_pierce_brown,48
My Friends,Fredrik Backman,Fiction,9781982121xxx,2026-05-14,9781982121xxx_my_friends_fredrik_backman,49
The Academy,T Z Layton,Juvenile Fiction,9781464267xxx,2026-05-14,9781464267xxx_the_academy_t_z_layton,50
Tess's Red Dress,"Carolyn Robertsmaple leaf from the flag of Canada,",Juvenile Fiction,9781778540xxx,2026-05-14,9781778540xxx_tess_s_red_dress_carolyn_robertsmaple_leaf_from_the_flag_of_canada_,51
The Wild Robot,Peter Brown,Juvenile Fiction,9780316382xxx,2026-05-14,9780316382xxx_the_wild_robot_peter_brown,52
Transcription,Ben Lerner,Fiction,9780771039xxx,2026-05-14,9780771039xxx_transcription_ben_lerner,53
"The Daisy Chain Flower Shop (Dream Harbor, Book 6)",Laurie Gilmore,Fiction,9780008761xxx,2026-05-14,9780008761xxx_the_daisy_chain_flower_shop__dream_harbor__book_6__laurie_gilmore,54
The Serviceberry,"Robin Wall Kimmerer,",Nature,9781668072xxx,2026-05-14,9781668072xxx_the_serviceberry_robin_wall_kimmerer_,55
The Caretaker,Marcus Kliewermaple leaf from the flag of Canada,Fiction,9781668228xxx,2026-05-14,9781668228xxx_the_caretaker_marcus_kliewermaple_leaf_from_the_flag_of_canada,56
On the Calculation of Volume (Book I),"Solvej Balle,",Fiction,9780811237xxx,2026-05-14,9780811237xxx_on_the_calculation_of_volume__book_i__solvej_balle_,57
Oh She Glows Salads,Angela Liddonmaple leaf from the flag of Canada,Cooking,9780735250xxx,2026-05-14,9780735250xxx_oh_she_glows_salads_angela_liddonmaple_leaf_from_the_flag_of_canada,58
Warriors Graphic Novel,"Erin Hunter,",Juvenile Fiction,9780063203xxx,2026-05-14,9780063203xxx_warriors_graphic_novel_erin_hunter_,59
"The Hybrid Prince (Wings of Fire, Book 16)",Tui T Sutherland,Juvenile Fiction,9781546129xxx,2026-05-14,9781546129xxx_the_hybrid_prince__wings_of_fire__book_16__tui_t_sutherland,60
PAWS,"Nathan Fairbairnmaple leaf from the flag of Canada,",Juvenile Fiction,9780593695xxx,2026-05-14,9780593695xxx_paws_nathan_fairbairnmaple_leaf_from_the_flag_of_canada_,61
The Amazing Generation,"Jonathan Haidt,",Juvenile Nonfiction,NA,2026-05-14,na_the_amazing_generation_jonathan_haidt_,62
Martyr!,Kaveh Akbar,Fiction,9780593685xxx,2026-05-14,9780593685xxx_martyr__kaveh_akbar,63
Wild Dark Shore,Charlotte McConaghy,Fiction,9781250827xxx,2026-05-14,9781250827xxx_wild_dark_shore_charlotte_mcconaghy,64
Murdle,G T Karber,Games & Activities,9781250892xxx,2026-05-14,9781250892xxx_murdle_g_t_karber,65
The Faraway Inn,Sarah Beth Durst,Young Adult Fiction,NA,2026-05-14,na_the_faraway_inn_sarah_beth_durst,66
Braiding Sweetgrass,Robin Wall Kimmerer,Nature,9781571313xxx,2026-05-14,9781571313xxx_braiding_sweetgrass_robin_wall_kimmerer,67
The Dungeon Anarchist's Cookbook,Matt Dinniman,Fiction,9780593820xxx,2026-05-14,9780593820xxx_the_dungeon_anarchist_s_cookbook_matt_dinniman,68
Captain Underpants,"Dav Pilkey,",Juvenile Fiction,9781546151xxx,2026-05-14,9781546151xxx_captain_underpants_dav_pilkey_,69
Hooked,"Asako Yuzuki,",Fiction,9780063442xxx,2026-05-14,9780063442xxx_hooked_asako_yuzuki_,70
Strange Buildings,Uketsu,Fiction,9780063514xxx,2026-05-14,9780063514xxx_strange_buildings_uketsu,71
Fury Bound (Deluxe Limited Edition),Sable Sorensen,Fiction,9780316601xxx,2026-05-14,9780316601xxx_fury_bound__deluxe_limited_edition__sable_sorensen,72
Brassy Bit of Aging Crumpet,Mary Walshmaple leaf from the flag of Canada,Humor,9781443471xxx,2026-05-14,9781443471xxx_brassy_bit_of_aging_crumpet_mary_walshmaple_leaf_from_the_flag_of_canada,73
Wild People Quiet,Tara Gereauxmaple leaf from the flag of Canada,Fiction,9781668060xxx,2026-05-14,9781668060xxx_wild_people_quiet_tara_gereauxmaple_leaf_from_the_flag_of_canada,74
The Nightingale,Kristin Hannah,Fiction,9781250080xxx,2026-05-14,9781250080xxx_the_nightingale_kristin_hannah,75
Make Believe,Mac Barnett,Language Arts & Disciplines,9780316601xxx,2026-05-14,9780316601xxx_make_believe_mac_barnett,76
The Very Hungry Caterpillar,Eric Carle,Juvenile Fiction,9780399226xxx,2026-05-14,9780399226xxx_the_very_hungry_caterpillar_eric_carle,77
The Little Frog's Guide to Life,Maybell Eequay,Self-Help,9781837994xxx,2026-05-14,9781837994xxx_the_little_frog_s_guide_to_life_maybell_eequay,78
The Night We Met,Abby Jimenez,Fiction,9781538780xxx,2026-05-14,9781538780xxx_the_night_we_met_abby_jimenez,79
Between Two Fires,Christopher Buehlman,Fiction,9781250439xxx,2026-05-14,9781250439xxx_between_two_fires_christopher_buehlman,80
"One Day, Everyone Will Have Always Been Against This",Omar El Akkadmaple leaf from the flag of Canada,Biography & Autobiography,9780771021xxx,2026-05-14,9780771021xxx_one_day__everyone_will_have_always_been_against_this_omar_el_akkadmaple_leaf_from_the_flag_of_canada,81
"Dogs, Boys, and Other Things I've Cried About",Isabel Klee,Biography & Autobiography,9780063451xxx,2026-05-14,9780063451xxx_dogs__boys__and_other_things_i_ve_cried_about_isabel_klee,82
The Names,Florence Knapp,Fiction,9780735250xxx,2026-05-14,9780735250xxx_the_names_florence_knapp,83
A Minor Chorus,Billy-Ray Belcourtmaple leaf from the flag of Canada,Fiction,9780735242xxx,2026-05-14,9780735242xxx_a_minor_chorus_billy_ray_belcourtmaple_leaf_from_the_flag_of_canada,84
"Oh, the Places You'll Go!",Dr Seuss,Juvenile Fiction,9780679805xxx,2026-05-14,9780679805xxx_oh__the_places_you_ll_go__dr_seuss,85
The Academy VI,T Z Layton,Juvenile Fiction,9781464268xxx,2026-05-14,9781464268xxx_the_academy_vi_t_z_layton,86
Rainbow Wisdom,Mischa Oakmaple leaf from the flag of Canada,Social Science,9781774585xxx,2026-05-14,9781774585xxx_rainbow_wisdom_mischa_oakmaple_leaf_from_the_flag_of_canada,87
Investigators,"John Patrick Green,",Juvenile Fiction,9781250359xxx,2026-05-14,9781250359xxx_investigators_john_patrick_green_,88
The Odyssey,"Homer,",Poetry,9780393356xxx,2026-05-14,9780393356xxx_the_odyssey_homer_,89
Game Changer,Rachel Reidmaple leaf from the flag of Canada,Fiction,9781335534xxx,2026-05-14,9781335534xxx_game_changer_rachel_reidmaple_leaf_from_the_flag_of_canada,90
King of Gluttony,Ana Huang,Fiction,9781728289xxx,2026-05-14,9781728289xxx_king_of_gluttony_ana_huang,91
Values,Mark Carneymaple leaf from the flag of Canada,Business & Economics,9780771051xxx,2026-05-14,9780771051xxx_values_mark_carneymaple_leaf_from_the_flag_of_canada,92
Dog Man,Dav Pilkey,Juvenile Fiction,9781546176xxx,2026-05-14,9781546176xxx_dog_man_dav_pilkey,93
Partypooper (Diary of a Wimpy Kid Book #20),Jeff Kinney,Juvenile Fiction,9781419782xxx,2026-05-14,9781419782xxx_partypooper__diary_of_a_wimpy_kid_book__20__jeff_kinney,94
Talons of Power,"Tui T Sutherland,",Juvenile Fiction,9781339001xxx,2026-05-14,9781339001xxx_talons_of_power_tui_t_sutherland_,95
The Keeper,Tana French,Fiction,9780593493xxx,2026-05-14,9780593493xxx_the_keeper_tana_french,96
Atmosphere,Taylor Jenkins Reid,Fiction,9780385695xxx,2026-05-14,9780385695xxx_atmosphere_taylor_jenkins_reid,97
The Long Game,Rachel Reidmaple leaf from the flag of Canada,Fiction,9781335534xxx,2026-05-14,9781335534xxx_the_long_game_rachel_reidmaple_leaf_from_the_flag_of_canada,98
For the Fans! (KPop Demon Hunters),"Angela Song,",Juvenile Fiction,NA,2026-05-14,na_for_the_fans___kpop_demon_hunters__angela_song_,99
Goodnight Moon,"Margaret Wise Brown,",Juvenile Fiction,9780694003xxx,2026-05-14,9780694003xxx_goodnight_moon_margaret_wise_brown_,100
A Court of Thorns and Roses 6,Sarah J Maas,Fiction,9781639739xxx,2026-05-14,9781639739xxx_a_court_of_thorns_and_roses_6_sarah_j_maas,NA
Sharing the Light,Monique Gray Smithmaple leaf from the flag of Canada,Self-Help,9781487013xxx,2026-05-14,9781487013xxx_sharing_the_light_monique_gray_smithmaple_leaf_from_the_flag_of_canada,101
The Paper Bag Princess (Annikin Miniature Edition),"Robert Munschmaple leaf from the flag of Canada,",Juvenile Fiction,9780920236xxx,2026-05-14,9780920236xxx_the_paper_bag_princess__annikin_miniature_edition__robert_munschmaple_leaf_from_the_flag_of_canada_,102
The High Road,Hank Idsingamaple leaf from the flag of Canada,Biography & Autobiography,9781668076xxx,2026-05-14,9781668076xxx_the_high_road_hank_idsingamaple_leaf_from_the_flag_of_canada,103
The Beginning Comes After the End,Rebecca Solnit,Social Science,NA,2026-05-14,na_the_beginning_comes_after_the_end_rebecca_solnit,104
It's My Bird-Day!,Mo Willems,Juvenile Fiction,9781454999xxx,2026-05-14,9781454999xxx_it_s_my_bird_day__mo_willems,105
Talk Treaty to Me,"Crystal Gail Frasermaple leaf from the flag of Canada,",History,9781443471xxx,2026-05-14,9781443471xxx_talk_treaty_to_me_crystal_gail_frasermaple_leaf_from_the_flag_of_canada_,106
Strange Houses,"Uketsu,",Fiction,9780063433xxx,2026-05-14,9780063433xxx_strange_houses_uketsu_,107
Searching for Terry Punchout,Tyler Hellardmaple leaf from the flag of Canada,Fiction,9781988784xxx,2026-05-14,9781988784xxx_searching_for_terry_punchout_tyler_hellardmaple_leaf_from_the_flag_of_canada,108
Finding Flora,Elinor Florencemaple leaf from the flag of Canada,Fiction,9781668058xxx,2026-05-14,9781668058xxx_finding_flora_elinor_florencemaple_leaf_from_the_flag_of_canada,109
White Nights,Fyodor Dostoyevsky,Fiction,9780241252xxx,2026-05-14,9780241252xxx_white_nights_fyodor_dostoyevsky,110
Sweet Valley Twins,"Francine Pascal,",Juvenile Fiction,9780593807xxx,2026-05-14,9780593807xxx_sweet_valley_twins_francine_pascal_,111
The Lion Women of Tehran,Marjan Kamali,Fiction,9781668036xxx,2026-05-14,9781668036xxx_the_lion_women_of_tehran_marjan_kamali,112
It's Different This Time,Joss Richardmaple leaf from the flag of Canada,Fiction,9781037802xxx,2026-05-14,9781037802xxx_it_s_different_this_time_joss_richardmaple_leaf_from_the_flag_of_canada,113
My Husband's Wife,Alice Feeney,Fiction,9781250442xxx,2026-05-14,9781250442xxx_my_husband_s_wife_alice_feeney,114
Rites of the Starling,Devney Perry,Fiction,9781682816xxx,2026-05-14,9781682816xxx_rites_of_the_starling_devney_perry,115
The Gate of the Feral Gods,Matt Dinniman,Fiction,9780593955xxx,2026-05-14,9780593955xxx_the_gate_of_the_feral_gods_matt_dinniman,116
Murdoku,Manuel Garand,Games & Activities,9781454961xxx,2026-05-14,9781454961xxx_murdoku_manuel_garand,117
The Director,"Daniel Kehlmann,",Fiction,9781668087xxx,2026-05-14,9781668087xxx_the_director_daniel_kehlmann_,118
Lessons from Cats for Surviving Fascism,Stewart Reynoldsmaple leaf from the flag of Canada,Humor,9781538778xxx,2026-05-14,9781538778xxx_lessons_from_cats_for_surviving_fascism_stewart_reynoldsmaple_leaf_from_the_flag_of_canada,119
Canada,"Richard Wagamesemaple leaf from the flag of Canada,",Juvenile Fiction,9781774886xxx,2026-05-14,9781774886xxx_canada_richard_wagamesemaple_leaf_from_the_flag_of_canada_,120
Lost Lambs,Madeline Cash,Fiction,9780374619xxx,2026-05-14,9780374619xxx_lost_lambs_madeline_cash,121
The News from Dublin,Colm Toibin,Fiction,9780771040xxx,2026-05-14,9780771040xxx_the_news_from_dublin_colm_toibin,122
Always Remember,Charlie Mackesy,Comics & Graphic Novels,9780593994xxx,2026-05-14,9780593994xxx_always_remember_charlie_mackesy,123
Agnes Aubert's Mystical Cat Shelter,Heather Fawcettmaple leaf from the flag of Canada,Fiction,9780593973xxx,2026-05-14,9780593973xxx_agnes_aubert_s_mystical_cat_shelter_heather_fawcettmaple_leaf_from_the_flag_of_canada,124
Warriors Graphic Novel,"Erin Hunter,",Juvenile Fiction,9780063203xxx,2026-05-14,9780063203xxx_warriors_graphic_novel_erin_hunter_,125
Darkstalker,"Tui T Sutherland,",Juvenile Fiction,9781339001xxx,2026-05-14,9781339001xxx_darkstalker_tui_t_sutherland_,126
The Road to Tender Hearts,Annie Hartnett,Fiction,9780593873xxx,2026-05-14,9780593873xxx_the_road_to_tender_hearts_annie_hartnett,127
Dog Man,Dav Pilkey,Juvenile Fiction,9781338741xxx,2026-05-14,9781338741xxx_dog_man_dav_pilkey,128
The New Girl,Cassandra Calinmaple leaf from the flag of Canada,Juvenile Fiction,9781338762xxx,2026-05-14,9781338762xxx_the_new_girl_cassandra_calinmaple_leaf_from_the_flag_of_canada,129
Piranesi,Susanna Clarke,Fiction,9781635577xxx,2026-05-14,9781635577xxx_piranesi_susanna_clarke,130
On the Calculation of Volume (Book IV),"Solvej Balle,",Fiction,9780811238xxx,2026-05-14,9780811238xxx_on_the_calculation_of_volume__book_iv__solvej_balle_,131
Theory of Water,Leanne Betasamosake Simpsonmaple leaf from the flag of Canada,Biography & Autobiography,9781039010xxx,2026-05-14,9781039010xxx_theory_of_water_leanne_betasamosake_simpsonmaple_leaf_from_the_flag_of_canada,132
Sunburn,Chloe Michelle Howarth,Fiction,9781685892xxx,2026-05-14,9781685892xxx_sunburn_chloe_michelle_howarth,133
"Good Night, Little Blue Truck","Alice Schertle,",Juvenile Fiction,9780358229xxx,2026-05-14,9780358229xxx_good_night__little_blue_truck_alice_schertle_,134
The Handmaid's Tale,Margaret Atwoodmaple leaf from the flag of Canada,Fiction,9780771008xxx,2026-05-14,9780771008xxx_the_handmaid_s_tale_margaret_atwoodmaple_leaf_from_the_flag_of_canada,135
Warriors Graphic Novel,"Erin Hunter,",Juvenile Fiction,9780063203xxx,2026-05-14,9780063203xxx_warriors_graphic_novel_erin_hunter_,136
Carson Crosses Canada,"Linda Baileymaple leaf from the flag of Canada,",Juvenile Fiction,9780735266xxx,2026-05-14,9780735266xxx_carson_crosses_canada_linda_baileymaple_leaf_from_the_flag_of_canada_,137
Don't Trust Fish,"Neil Sharpson,",Juvenile Fiction,9780593616xxx,2026-05-14,9780593616xxx_don_t_trust_fish_neil_sharpson_,138
A Court of Thorns and Roses,Sarah J Maas,Fiction,9781635575xxx,2026-05-14,9781635575xxx_a_court_of_thorns_and_roses_sarah_j_maas,139
Nineteen Eighty Four,George Orwell,Fiction,9780141036xxx,2026-05-14,9780141036xxx_nineteen_eighty_four_george_orwell,140
The Let Them Theory,"Mel Robbins,",Self-Help,9781401971xxx,2026-05-14,9781401971xxx_the_let_them_theory_mel_robbins_,141
Heart the Lover,Lily King,Fiction,9781443477xxx,2026-05-14,9781443477xxx_heart_the_lover_lily_king,142
There Is No Antimemetics Division,qntm,Fiction,9780593983xxx,2026-05-14,9780593983xxx_there_is_no_antimemetics_division_qntm,143
A Court of Thorns and Roses 7,Sarah J Maas,Fiction,NA,2026-05-14,na_a_court_of_thorns_and_roses_7_sarah_j_maas,NA
Game On,Navessa Allen,Fiction,9781638932xxx,2026-05-14,9781638932xxx_game_on_navessa_allen,144
Broken Country (Reese's Book Club),Clare Leslie Hall,Fiction,9781668093xxx,2026-05-14,9781668093xxx_broken_country__reese_s_book_club__clare_leslie_hall,145
The Martian,Andy Weir,Fiction,9780553418xxx,2026-05-14,9780553418xxx_the_martian_andy_weir,146
The Butcher's Masquerade,Matt Dinniman,Fiction,9780593955xxx,2026-05-14,9780593955xxx_the_butcher_s_masquerade_matt_dinniman,147
Encampment,Maggie Helwigmaple leaf from the flag of Canada,Social Science,9781552455xxx,2026-05-14,9781552455xxx_encampment_maggie_helwigmaple_leaf_from_the_flag_of_canada,148
Circe,Madeline Miller,Fiction,9780316556xxx,2026-05-14,9780316556xxx_circe_madeline_miller,149
Spy School Secret Service the Graphic Novel,"Stuart Gibbs,",Juvenile Fiction,9781665956xxx,2026-05-14,9781665956xxx_spy_school_secret_service_the_graphic_novel_stuart_gibbs_,150
Moody Cats Sticker Book,"Galison,",Other,9780735382xxx,2026-05-14,9780735382xxx_moody_cats_sticker_book_galison_,151
Land,Maggie O'Farrell,Fiction,9781039058xxx,2026-05-14,9781039058xxx_land_maggie_o_farrell,NA
The Song of Achilles,Madeline Miller,Fiction,9780062060xxx,2026-05-14,9780062060xxx_the_song_of_achilles_madeline_miller,152
Here Where We Live Is Our Country,Molly Crabapple,History,9780593229xxx,2026-05-14,9780593229xxx_here_where_we_live_is_our_country_molly_crabapple,153
Devotions,Mary Oliver,Poetry,9780399563xxx,2026-05-14,9780399563xxx_devotions_mary_oliver,154
The Last Contract of Isako,Fonda Lee,Fiction,9780316568xxx,2026-05-14,9780316568xxx_the_last_contract_of_isako_fonda_lee,155
Little Blue Truck Board Book,"Alice Schertle,",Juvenile Fiction,9780358451xxx,2026-05-14,9780358451xxx_little_blue_truck_board_book_alice_schertle_,156
"The Hunger Games (Hunger Games, Book One)",Suzanne Collins,Young Adult Fiction,9780439023xxx,2026-05-14,9780439023xxx_the_hunger_games__hunger_games__book_one__suzanne_collins,157
Lonesome Dove,"Larry McMurtry,",Fiction,9781439195xxx,2026-05-14,9781439195xxx_lonesome_dove_larry_mcmurtry_,158
Pick a Colour,Souvankham Thammavongsamaple leaf from the flag of Canada,Fiction,9781039058xxx,2026-05-14,9781039058xxx_pick_a_colour_souvankham_thammavongsamaple_leaf_from_the_flag_of_canada,159
Riverwork,Lisa Robertsonmaple leaf from the flag of Canada,Fiction,9781552455xxx,2026-05-14,9781552455xxx_riverwork_lisa_robertsonmaple_leaf_from_the_flag_of_canada,160
Strange Pictures,"Uketsu,",Fiction,9780063433xxx,2026-05-14,9780063433xxx_strange_pictures_uketsu_,161
There Are Rivers in the Sky,Elif Shafak,Fiction,9781039055xxx,2026-05-14,9781039055xxx_there_are_rivers_in_the_sky_elif_shafak,162
The Wild Robot Escapes,Peter Brown,Juvenile Fiction,9780316479xxx,2026-05-14,9780316479xxx_the_wild_robot_escapes_peter_brown,163
Babel,R F Kuang,Fiction,9780063021xxx,2026-05-14,9780063021xxx_babel_r_f_kuang,164
The Midnight Train,Matt Haig,Fiction,9781443473xxx,2026-05-14,9781443473xxx_the_midnight_train_matt_haig,NA
Even the Good Girls Will Cry,Melissa Auf der Maurmaple leaf from the flag of Canada,Biography & Autobiography,9780306833xxx,2026-05-14,9780306833xxx_even_the_good_girls_will_cry_melissa_auf_der_maurmaple_leaf_from_the_flag_of_canada,165
Finding the Mother Tree,Suzanne Simardmaple leaf from the flag of Canada,Science,9780735237xxx,2026-05-14,9780735237xxx_finding_the_mother_tree_suzanne_simardmaple_leaf_from_the_flag_of_canada,166
The Faith of Beasts,James S A Corey,Fiction,9780316525xxx,2026-05-14,9780316525xxx_the_faith_of_beasts_james_s_a_corey,167
Just One More Chapter Bookmark,Out of Print,Bookmarks,9780593896xxx,2026-05-14,9780593896xxx_just_one_more_chapter_bookmark_out_of_print,168
Moon of the Crusted Snow,Waubgeshig Ricemaple leaf from the flag of Canada,Fiction,9781770414xxx,2026-05-14,9781770414xxx_moon_of_the_crusted_snow_waubgeshig_ricemaple_leaf_from_the_flag_of_canada,169
The Body Keeps the Score,Bessel van der Kolk,Psychology,9780143127xxx,2026-05-14,9780143127xxx_the_body_keeps_the_score_bessel_van_der_kolk,170
Monk and Robot,Becky Chambers,Fiction,9781250386xxx,2026-05-14,9781250386xxx_monk_and_robot_becky_chambers,171
The Wild Robot Protects,Peter Brown,Juvenile Fiction,9780316669xxx,2026-05-14,9780316669xxx_the_wild_robot_protects_peter_brown,172
Book of Lives,Margaret Atwoodmaple leaf from the flag of Canada,Biography & Autobiography,9780771096xxx,2026-05-14,9780771096xxx_book_of_lives_margaret_atwoodmaple_leaf_from_the_flag_of_canada,173
Big Nate,Lincoln Peirce,Juvenile Fiction,NA,2026-05-14,na_big_nate_lincoln_peirce,174
"Percy Jackson and the Olympians, Book One The Lightning Thief","Rick Riordan,",Juvenile Fiction,9781368051xxx,2026-05-14,9781368051xxx_percy_jackson_and_the_olympians__book_one_the_lightning_thief_rick_riordan_,175
Enshittification,Cory Doctorowmaple leaf from the flag of Canada,Computers,9780374619xxx,2026-05-14,9780374619xxx_enshittification_cory_doctorowmaple_leaf_from_the_flag_of_canada,176
Flashlight,Susan Choi,Fiction,9781250437xxx,2026-05-14,9781250437xxx_flashlight_susan_choi,177
Wuthering Heights,"Emily Bronte,",Fiction,9780141439xxx,2026-05-14,9780141439xxx_wuthering_heights_emily_bronte_,178
The Thursday Murder Club,Richard Osman,Fiction,9781984880xxx,2026-05-14,9781984880xxx_the_thursday_murder_club_richard_osman,179
The Count of Monte Cristo,"Alexandre Dumas,",Fiction,9780140449xxx,2026-05-14,9780140449xxx_the_count_of_monte_cristo_alexandre_dumas_,180
The Wealthy Barber,David Chiltonmaple leaf from the flag of Canada,Business & Economics,9781068975xxx,2026-05-14,9781068975xxx_the_wealthy_barber_david_chiltonmaple_leaf_from_the_flag_of_canada,181
All About Love,bell hooks,Psychology,9780060959xxx,2026-05-14,9780060959xxx_all_about_love_bell_hooks,182
Everyone in This Bank Is a Thief,Benjamin Stevenson,Fiction,9780063481xxx,2026-05-14,9780063481xxx_everyone_in_this_bank_is_a_thief_benjamin_stevenson,183
"I Survived the California Wildfires, 2018 (I Survived Graphic Novel #13)","Lauren Tarshis,",Juvenile Fiction,9781546137xxx,2026-05-14,9781546137xxx_i_survived_the_california_wildfires__2018__i_survived_graphic_novel__13__lauren_tarshis_,184
The Eye of the Bedlam Bride,Matt Dinniman,Fiction,9780593956xxx,2026-05-14,9780593956xxx_the_eye_of_the_bedlam_bride_matt_dinniman,185
Mother Mary Comes to Me,Arundhati Roy,Biography & Autobiography,9781668095xxx,2026-05-14,9781668095xxx_mother_mary_comes_to_me_arundhati_roy,186
When the World Sleeps,"Francesca Albanese,",History,9781635426xxx,2026-05-14,9781635426xxx_when_the_world_sleeps_francesca_albanese_,187
The Housemaid,Freida McFadden,Fiction,9781538742xxx,2026-05-14,9781538742xxx_the_housemaid_freida_mcfadden,188
Role Model,Rachel Reidmaple leaf from the flag of Canada,Fiction,9781335534xxx,2026-05-14,9781335534xxx_role_model_rachel_reidmaple_leaf_from_the_flag_of_canada,189
The Alchemist,Paulo Coelho,Fiction,9780062315xxx,2026-05-14,9780062315xxx_the_alchemist_paulo_coelho,190
Whistler,Ann Patchett,Fiction,9780063511xxx,2026-05-14,9780063511xxx_whistler_ann_patchett,NA
Go Gentle,Maria Semple,Fiction,NA,2026-05-14,na_go_gentle_maria_semple,191
Fourth Wing,Rebecca Yarros,Fiction,9781649377xxx,2026-05-14,9781649377xxx_fourth_wing_rebecca_yarros,192
The Story of Birds,Steve Brusatte,Science,9780063493xxx,2026-05-14,9780063493xxx_the_story_of_birds_steve_brusatte,193
Impossible Creatures,"Katherine Rundellmaple leaf from the flag of Canada,",Juvenile Fiction,9781774888xxx,2026-05-14,9781774888xxx_impossible_creatures_katherine_rundellmaple_leaf_from_the_flag_of_canada_,194
The Little Frog's Guide to Self-Care Card Deck,Maybell Eequay,Activity Cards,9781837995xxx,2026-05-14,9781837995xxx_the_little_frog_s_guide_to_self_care_card_deck_maybell_eequay,195
The Future Book,"Mac Barnett,",Juvenile Fiction,NA,2026-05-14,na_the_future_book_mac_barnett_,196
The Great Alone,Kristin Hannah,Fiction,9781250229xxx,2026-05-14,9781250229xxx_the_great_alone_kristin_hannah,197
The Secret History,Donna Tartt,Fiction,9781400031xxx,2026-05-14,9781400031xxx_the_secret_history_donna_tartt,198
Wings of Fire,"Tui T Sutherland,",Juvenile Fiction,9780545942xxx,2026-05-14,9780545942xxx_wings_of_fire_tui_t_sutherland_,199
The Naturals,Jennifer Lynn Barnes,Young Adult Fiction,9780316540xxx,2026-05-14,9780316540xxx_the_naturals_jennifer_lynn_barnes,200
Mother Earth Is Our Elder,Catherine   Lafferty (Katlia)maple leaf from the flag of Canada,Biography & Autobiography,9780771018xxx,2026-05-14,9780771018xxx_mother_earth_is_our_elder_catherine___lafferty__katlia_maple_leaf_from_the_flag_of_canada,201
Bunny,Mona Awadmaple leaf from the flag of Canada,Fiction,9780735235xxx,2026-05-14,9780735235xxx_bunny_mona_awadmaple_leaf_from_the_flag_of_canada,202
The Midnight Library,Matt Haig,Fiction,9781443455xxx,2026-05-14,9781443455xxx_the_midnight_library_matt_haig,203
Three Bags Full,"Leonie Swann,",Fiction,9781641296xxx,2026-05-14,9781641296xxx_three_bags_full_leonie_swann_,204
The Winter Witch,Jennifer Chevaliermaple leaf from the flag of Canada,Fiction,9781668216xxx,2026-05-14,9781668216xxx_the_winter_witch_jennifer_chevaliermaple_leaf_from_the_flag_of_canada,205
Cozy Corner,Coco Wyo,Juvenile Fiction,NA,2026-05-14,na_cozy_corner_coco_wyo,206
"Joyful, Anyway",Kate Bowlermaple leaf from the flag of Canada,Self-Help,9780385704xxx,2026-05-14,9780385704xxx_joyful__anyway_kate_bowlermaple_leaf_from_the_flag_of_canada,207
The Future Is Peace,"Aziz Abu Sarah,",History,NA,2026-05-14,na_the_future_is_peace_aziz_abu_sarah_,208
The Academy II,T Z Layton,Juvenile Fiction,9781464267xxx,2026-05-14,9781464267xxx_the_academy_ii_t_z_layton,209
"Mom, I Want to Hear Your Story (Expanded Edition)",Jeffrey Mason,Games & Activities,9781464251xxx,2026-05-14,9781464251xxx_mom__i_want_to_hear_your_story__expanded_edition__jeffrey_mason,210
Lightfall,Tim Probert,Juvenile Fiction,9780062990xxx,2026-05-14,9780062990xxx_lightfall_tim_probert,211
Audition,Katie Kitamura,Fiction,9780593852xxx,2026-05-14,9780593852xxx_audition_katie_kitamura,212
The Palm House,Gwendoline Riley,Fiction,NA,2026-05-14,na_the_palm_house_gwendoline_riley,213
Throne of Glass,Sarah J Maas,Fiction,9781639730xxx,2026-05-14,9781639730xxx_throne_of_glass_sarah_j_maas,214
Greenwood,Michael Christiemaple leaf from the flag of Canada,Fiction,9780771024xxx,2026-05-14,9780771024xxx_greenwood_michael_christiemaple_leaf_from_the_flag_of_canada,215
The Brink of Something Beautiful,Bobbi Frenchmaple leaf from the flag of Canada,Fiction,9781443474xxx,2026-05-14,9781443474xxx_the_brink_of_something_beautiful_bobbi_frenchmaple_leaf_from_the_flag_of_canada,216
Kathie the Mail Girl's Mother's Cookies,Julie Van Rosendaal,NA,9780968756xxx,2026-05-14,9780968756xxx_kathie_the_mail_girl_s_mother_s_cookies_julie_van_rosendaal,217
One Golden Summer,Carley Fortunemaple leaf from the flag of Canada,Fiction,9780735247xxx,2026-05-14,9780735247xxx_one_golden_summer_carley_fortunemaple_leaf_from_the_flag_of_canada,218
Heartstopper #6,Alice Oseman,Young Adult Fiction,9781546102xxx,2026-05-14,9781546102xxx_heartstopper__6_alice_oseman,NA
The Novice of Holloway Hall,Wayne Johnstonmaple leaf from the flag of Canada,Fiction,9781039058xxx,2026-05-14,9781039058xxx_the_novice_of_holloway_hall_wayne_johnstonmaple_leaf_from_the_flag_of_canada,219
Animal Farm,George Orwell,Fiction,9780141036xxx,2026-05-14,9780141036xxx_animal_farm_george_orwell,220
Miss Wolcott's Ghost,Louise Pennymaple leaf from the flag of Canada,Fiction,9781250412xxx,2026-05-14,9781250412xxx_miss_wolcott_s_ghost_louise_pennymaple_leaf_from_the_flag_of_canada,NA
Love You Forever,"Robert Munschmaple leaf from the flag of Canada,",Juvenile Fiction,9780228101xxx,2026-05-14,9780228101xxx_love_you_forever_robert_munschmaple_leaf_from_the_flag_of_canada_,221
Girl on Girl,Sophie Gilbert,Literary Collections,9780771010xxx,2026-05-14,9780771010xxx_girl_on_girl_sophie_gilbert,222
Cleo Dang Would Rather Be Dead,Mai Nguyenmaple leaf from the flag of Canada,Fiction,9781668081xxx,2026-05-14,9781668081xxx_cleo_dang_would_rather_be_dead_mai_nguyenmaple_leaf_from_the_flag_of_canada,223
Parable of the Sower,Octavia E Butler,Fiction,9781538732xxx,2026-05-14,9781538732xxx_parable_of_the_sower_octavia_e_butler,224
Cherry Beach,Don Gillmormaple leaf from the flag of Canada,Fiction,9781771966xxx,2026-05-14,9781771966xxx_cherry_beach_don_gillmormaple_leaf_from_the_flag_of_canada,225
Artemis,Andy Weir,Fiction,9780553448xxx,2026-05-14,9780553448xxx_artemis_andy_weir,226
The Hobbit,J R R Tolkien,Fiction,9780261102xxx,2026-05-14,9780261102xxx_the_hobbit_j_r_r_tolkien,227
Small Boat,"Vincent Delecroix,",Fiction,9780063491xxx,2026-05-14,9780063491xxx_small_boat_vincent_delecroix_,228
A Wolf Called Fire,"Rosanne Parry,",Juvenile Fiction,9780063415xxx,2026-05-14,9780063415xxx_a_wolf_called_fire_rosanne_parry_,229
Kin,Tayari Jones,Fiction,9780735240xxx,2026-05-14,9780735240xxx_kin_tayari_jones,230
Is This a Cry for Help?,Emily Austinmaple leaf from the flag of Canada,Fiction,9781668207xxx,2026-05-14,9781668207xxx_is_this_a_cry_for_help__emily_austinmaple_leaf_from_the_flag_of_canada,231
"The Boy, the Mole, the Fox and the Horse",Charlie Mackesy,Philosophy,9780062976xxx,2026-05-14,9780062976xxx_the_boy__the_mole__the_fox_and_the_horse_charlie_mackesy,232
The Things We Never Say,Elizabeth Strout,Fiction,NA,2026-05-14,na_the_things_we_never_say_elizabeth_strout,233
Foe,Iain Reidmaple leaf from the flag of Canada,Fiction,9781501103xxx,2026-05-14,9781501103xxx_foe_iain_reidmaple_leaf_from_the_flag_of_canada,234
The Gruffalo,"Julia Donaldson,",Juvenile Fiction,9781509830xxx,2026-05-14,9781509830xxx_the_gruffalo_julia_donaldson_,235
Vigil,George Saunders,Fiction,9780525509xxx,2026-05-14,9780525509xxx_vigil_george_saunders,236
Love You Forever,"Robert Munschmaple leaf from the flag of Canada,",Juvenile Fiction,9780920668xxx,2026-05-14,9780920668xxx_love_you_forever_robert_munschmaple_leaf_from_the_flag_of_canada_,237
"Brown Bear, Brown Bear, What Do You See? Slide and Find (Brown Bear and Friends)","Jr, Bill Martin,",Juvenile Fiction,9780312509xxx,2026-05-14,9780312509xxx_brown_bear__brown_bear__what_do_you_see__slide_and_find__brown_bear_and_friends__jr__bill_martin_,238
Intermezzo,Sally Rooney,Fiction,9780735281xxx,2026-05-14,9780735281xxx_intermezzo_sally_rooney,239
The Academy III,T Z Layton,Juvenile Fiction,9781464267xxx,2026-05-14,9781464267xxx_the_academy_iii_t_z_layton,240
Demon Copperhead,Barbara Kingsolver,Fiction,9780063251xxx,2026-05-14,9780063251xxx_demon_copperhead_barbara_kingsolver,241
Bookish Cats Reusable Shopping Bag,Mudpuppy,Luggage,9780735365xxx,2026-05-14,9780735365xxx_bookish_cats_reusable_shopping_bag_mudpuppy,242
The Tapestry of Fate,Shannon Chakraborty,Fiction,9780062963xxx,2026-05-14,9780062963xxx_the_tapestry_of_fate_shannon_chakraborty,243
Still Life,Louise Pennymaple leaf from the flag of Canada,Fiction,9781529386xxx,2026-05-14,9781529386xxx_still_life_louise_pennymaple_leaf_from_the_flag_of_canada,244
"Thank You, Mom! from Baby Bear and Friends (World of Eric Carle)","Eric Carle,",Juvenile Fiction,9781250333xxx,2026-05-14,9781250333xxx_thank_you__mom__from_baby_bear_and_friends__world_of_eric_carle__eric_carle_,245
Small Things Like These (Oprah's Book Club),Claire Keegan,Fiction,9780802158xxx,2026-05-14,9780802158xxx_small_things_like_these__oprah_s_book_club__claire_keegan,246
A History of Canada in Ten Maps,Adam Shoaltsmaple leaf from the flag of Canada,History,9780143193xxx,2026-05-14,9780143193xxx_a_history_of_canada_in_ten_maps_adam_shoaltsmaple_leaf_from_the_flag_of_canada,247
This Inevitable Ruin,Matt Dinniman,Fiction,NA,2026-05-14,na_this_inevitable_ruin_matt_dinniman,248
The Inheritance Games,Jennifer Lynn Barnes,Young Adult Fiction,9780759555xxx,2026-05-14,9780759555xxx_the_inheritance_games_jennifer_lynn_barnes,249
Lessons From a Lifetime,"David Suzukimaple leaf from the flag of Canada,",Biography & Autobiography,9781778403xxx,2026-05-14,9781778403xxx_lessons_from_a_lifetime_david_suzukimaple_leaf_from_the_flag_of_canada_,250
Hope Rises,David Baldacci,Fiction,9781538758xxx,2026-05-14,9781538758xxx_hope_rises_david_baldacci,251
Into the Blue,Emma Brodie,Fiction,NA,2026-05-14,na_into_the_blue_emma_brodie,252
Golden Son,Pierce Brown,Fiction,9780345539xxx,2026-05-14,9780345539xxx_golden_son_pierce_brown,253
